"year","title"
2021,"Ad hominem rhetoric in scientific psychology."
2021,"Minimizing errors in RT-PCR detection and quantification of SARS-CoV-2 RNA for wastewater surveillance."
2021,"Field social psychology."
2021,"Misidentified biomedical resources: Journal guidelines are not a quick fix."
2021,"Rewriting results sections in the language of evidence."
2021,"Improving long-term care services: insights from high-reliability organizations."
2021,"A Systematic Review of Simulation Models to Track and Address the Opioid Crisis."
2021,"Understanding the exploratory/confirmatory data analysis continuum: Moving beyond the ""replication crisis""."
2021,"Browser-based Data Annotation, Active Learning, and Real-Time Distribution of Artificial Intelligence Models: From Tumor Tissue Microarrays to COVID-19 Radiology."
2021,"Esteemed Colleagues: A Model of the Effect of Open Data on Selective Reporting of Scientific Results."
2021,"Objectivity for the research worker."
2021,"Should We Strive to Make Science Bias-Free? A Philosophical Assessment of the Reproducibility Crisis."
2021,"Aspiring to greater intellectual humility in science."
2021,"The revised suicide crisis inventory (SCI-2): Validation and assessment of prospective suicidal outcomes at one month follow-up."
2021,"Development and Validation of a Child Physical and Sexual Abuse Prevention Scale."
2021,"Exploring People's Reaction and Perceived Issues of the COVID-19 Pandemic at Its Onset."
2021,"COVID-19-Associated Severe Autoimmune Hemolytic Anemia: A Rare Case Report."
2021,"What Are the Correlates of Global Variations in the Prevalence of Opioid Use Disorders? An Analysis of Data From the Global Burden of Disease Study, 2019."
2021,"Preregistration in diverse contexts: a preregistration template for the application of cognitive models."
2021,"Inhibition of Severe Acute Respiratory Syndrome Coronavirus 2 Replication by Hypertonic Saline Solution in Lung and Kidney Epithelial Cells."
2021,"Misspecification and unreliable interpretations in psychology and social science."
2021,"Time-of-day effects in resting-state fMRI: changes in Effective Connectivity and BOLD signal."
2021,"Using the Delphi Method for Determining Key Performance Elements for Delivery of Optimal Suicide-Specific Interventions in Emergency Departments."
2021,"6-Thioguanine blocks SARS-CoV-2 replication by inhibition of PLpro."
2021,"Measuring Behavior in the Home Cage: Study Design, Applications, Challenges, and Perspectives."
2021,"Small Molecule Drug Candidates for Managing the Clinical Symptoms of COVID-19: a Narrative Review."
2021,"ACE2-cytomimetic particles restrict SARS-Cov-2 spike protein binding to cellular targets."
2021,"Avoiding a replication crisis in deep-learning-based bioimage analysis."
2021,"Monitoring inflammation in psychiatry: Caveats and advice."
2021,"Food on the Move: The Impact of Implied Motion in Pictures on Food Perceptions through Anticipated Pleasure of Consumption."
2021,"Anti-SARS-CoV-2 Activity of Extracellular Vesicle Inhibitors: Screening, Validation, and Combination with Remdesivir."
2021,"Discovery and Mechanism of SARS-CoV-2 Main Protease Inhibitors."
2021,"Antiviral, immunomodulatory, and anticoagulant effects of quercetin and its derivatives: Potential role in prevention and management of COVID-19."
2021,"Construction and Validation of a Brief Pandemic Fatigue Scale in the Context of the Coronavirus-19 Public Health Crisis."
2021,"Doing reliable research in comparative psychology: Challenges and proposals for improvement."
2021,"Establishing a Multidisciplinary Cavernous Carotid Injury Simulation to Train Neurosurgical, Otolaryngology, and Anesthesia Residents."
2021,"Structural biology of SARS-CoV-2 and implications for therapeutic development."
2021,"Research on bilingualism as discovery science."
2021,"Eliminating accidental deviations to minimize generalization error and maximize replicability: Applications in connectomics and genomics."
2021,"When numbers fail: do researchers agree on operationalization of published research?"
2021,"Detecting antimicrobial resistance in Escherichia coli using benchtop attenuated total reflectance-Fourier transform infrared spectroscopy and machine learning."
2021,"Rapid and quantitative detection of SARS-CoV-2 IgG antibody in serum using optofluidic point-of-care testing fluorescence biosensor."
2021,"Accelerating antibiotic discovery through artificial intelligence."
2021,"The effectiveness of early colchicine administration in patients over 60 years old with high risk of developing severe pulmonary complications associated with coronavirus pneumonia SARS-CoV-2 (COVID-19): study protocol for an investigator-driven randomized controlled clinical trial in primary health care-COLCHICOVID study."
2021,"Structural Understanding of SARS-CoV-2 Drug Targets, Active Site Contour Map Analysis and COVID-19 Therapeutics."
2021,"Remote cognitive assessment of older adults in rural areas by telemedicine and automatic speech and video analysis: protocol for a cross-over feasibility study."
2021,"Modeling transmission dynamics and effectiveness of worker screening programs for SARS-CoV-2 in pork processing plants."
2021,"Cellular host factors for SARS-CoV-2 infection."
2021,"Which East Asian herbal medicines can decrease viral infections?"
2021,"The hidden side of animal cognition research: Scientists' attitudes toward bias, replicability and scientific practice."
2021,"The ageing of the social mind: replicating the preservation of socio-affective and the decline of socio-cognitive processes in old age."
2021,"Effects of Print Exposure on an Online Lexical Decision Task: A Direct Replication Using a Web-Based Experimental Procedure."
2021,"Methodological issues in assessing job stress and burnout in psychosocial research."
2021,"Three Versions of the Perceived Stress Scale: Psychometric Evaluation in a Nationally Representative Sample of Chinese Adults during the COVID-19 Pandemic."
2021,"Examining replicability in addictions research: How to assess and ways forward."
2021,"Neural Processing Underlying Executive Functions in Bilinguals: ""Heads I Win, Tails You Lose""."
2021,"Improving evidence-based practice through preregistration of applied research: Barriers and recommendations."
2021,"Structural Design and Preliminary Tests of a Novel Patient Transfer Apparatus for Medical Scenarios."
2021,"The contribution of the Italian residents in neurology to the COVID-19 crisis: admirable generosity but neurological training remains their priority."
2021,"Mesalamine Reduces Intestinal ACE2 Expression Without Modifying SARS-CoV-2 Infection or Disease Severity in Mice."
2021,"Inter-Brain Synchrony in Open-Ended Collaborative Learning: An fNIRS-Hyperscanning Study."
2021,"Organelle Crosstalk Regulators Are Regulated in Diseases, Tumors, and Regulatory T Cells: Novel Classification of Organelle Crosstalk Regulators."
2021,"Mental Health Symptoms, Binge Drinking, and the Experience of Abuse During the COVID-19 Lockdown in Mexico."
2021,"Somatic reversion impacts myelodysplastic syndromes and acute myeloid leukemia evolution in the short telomere disorders."
2021,"Factors influencing protective behaviours during haze episodes in Singapore: A population-based study."
2021,"Examination of the psychometric properties of the persian version of the COVID-19-impact on Quality of Life Scale."
2021,"Open science, the replication crisis, and environmental public health."
2021,"Measurement of empathy among health professionals during Syrian crisis using the Syrian empathy scale."
2021,"Rigor, reproducibility, and transparency of randomized controlled trials in obstetrics and gynecology."
2021,"Exploring the COVID-19 Potential Targets: Big Challenges to Quest Specific Treatment."
2021,"""What We Have Here, Is a Failure to [Replicate]"": Ways to Solve a Replication Crisis in Implementation Science."
2021,"COVID-19 negatively impacts on psychological and somatic status in frontline nurses."
2021,"The effectiveness of blood routine parameters and some biomarkers as a potential diagnostic tool in the diagnosis and prognosis of Covid-19 disease."
2021,"The Mediating Role of Responsible Innovation in the Relationship between Stakeholder Pressure and Corporate Sustainability Performance in Times of Crisis: Evidence from Selected Regions in China."
2021,"Behavioural science is unlikely to change the world without a heterogeneity revolution."
2021,"Chemical targeting of G-quadruplexes in telomeres and beyond for molecular cancer therapeutics."
2021,"TRPC5 and the path towards analgesic drug development."
2021,"Mitigating the Impact of Reemergence From a Pandemic on Healthcare."
2021,"Mapping the discursive dimensions of the reproducibility crisis: A mixed methods analysis."
2021,"Curated Data In - Trustworthy In Silico Models Out: The Impact of Data Quality on the Reliability of Artificial Intelligence Models as Alternatives to Animal Testing."
2021,"Methyltransferase-like 3 Modulates Severe Acute Respiratory Syndrome Coronavirus-2 RNA N6-Methyladenosine Modification and Replication."
2021,"Increased susceptibility of human endothelial cells to infections by SARS-CoV-2 variants."
2021,"QUAREP-LiMi: A community-driven initiative to establish guidelines for quality assessment and reproducibility for instruments and images in light microscopy."
2021,"Multi-Subunit SARS-CoV-2 Vaccine Design Using Evolutionarily Conserved T- and B- Cell Epitopes."
2021,"Development and Validation of a Method for Quantification of Favipiravir as COVID-19 Management in Spiked Human Plasma."
2021,"Identifying SARS-CoV-2 antiviral compounds by screening for small molecule inhibitors of nsp12/7/8 RNA-dependent RNA polymerase."
2021,"Impact of the p-Value Threshold on Interpretation of Trial Outcomes in Obstetrics and Gynecology."
2021,"Prognostic accuracy of MALDI-TOF mass spectrometric analysis of plasma in COVID-19."
2021,"Extending the Reach of Tooling Theory: A Neurocognitive and Phylogenetic Perspective."
2021,"EPOS: EEG Processing Open-Source Scripts."
2021,"Control of Innate Immune Activation by Severe Acute Respiratory Syndrome Coronavirus 2 and Other Coronaviruses."
2021,"Inhibitory Concentrations of Ciprofloxacin Induce an Adaptive Response Promoting the Intracellular Survival of Salmonella enterica Serovar Typhimurium."
2021,"COVID-19: In silico identification of potent a-ketoamide inhibitors targeting the main protease of the SARS-CoV-2."
2021,"Cross-cultural adaptation and validation of two crisis resource management scales."
2021,"Dynamic Profiling of ß-Coronavirus 3CL Mpro Protease Ligand-Binding Sites."
2021,"The replication crisis won't be solved with broad brushstrokes."
2021,"Modeling Stroke in Mice: Transient Middle Cerebral Artery Occlusion via the External Carotid Artery."
2021,"Emergency management to avoid the spread of the COVID-19 pandemic in Gaza Strip."
2021,"Dynamic multi-objective programming model for improving consumer satisfaction within water supply system under uncertain environment."
2021,"Occupational Safety of Municipal Police Officers: Assessing the Vulnerability and Riskiness of Police Officers' Work."
2021,"Technostress of Chilean Teachers in the Context of the COVID-19 Pandemic and Teleworking."
2021,"Permutation tests are robust and powerful at 0.5% and 5% significance levels."
2021,"Development of a qualitative real-time RT-PCR assay for the detection of SARS-CoV-2: a guide and case study in setting up an emergency-use, laboratory-developed molecular microbiological assay."
2021,"Translational shutdown and evasion of the innate immune response by SARS-CoV-2 NSP14 protein."
2021,"Prospective Role of Peptide-Based Antiviral Therapy Against the Main Protease of SARS-CoV-2."
2021,"Veridical Causal Inference using Propensity Score Methods for Comparative Effectiveness Research with Medical Claims."
2021,"Modeling Stroke in Mice: Focal Cortical Lesions by Photothrombosis."
2021,"Assessment of Need for Recovery and Its Relationship With Work Characteristics and Health in a Sample of Chinese Doctors: A Cross-Sectional Survey."
2021,"Provision of social support by mayors in times of crisis: a cross-sectional study among Dutch mayors."
2021,"Comparative evaluation of six nucleic acid amplification kits for SARS-CoV-2 RNA detection."
2021,"How best to quantify replication success? A simulation study on the comparison of replication success metrics."
2021,"The effects of media narratives about failures and discoveries in science on beliefs about and support for science."
2021,"Reproducibility of findings in modern PET neuroimaging: insight from the NRM2018 grand challenge."
2021,"Does Adding the Dialectical Behavior Therapy Prolonged Exposure (DBT PE) Protocol for PTSD to DBT Improve Outcomes in Public Mental Health Settings? A Pilot Nonrandomized Effectiveness Trial With Benchmarking."
2021,"Understanding experiments and research practices for reproducibility: an exploratory study."
2021,"Thymoquinone: A Promising Natural Compound with Potential Benefits for COVID-19 Prevention and Cure."
2021,"A cross-sectional online survey on patients' satisfaction using store-and-forward voice and text messaging teleconsultation service during the COVID-19 pandemic."
2021,"Replication crisis lost in translation? On translational caution and premature applications of attachment theory."
2021,"Ethical issues in managing the COVID-19 pandemic."
2021,"Workshop on reproducibility in research."
2021,"The reproducibility crisis and statistical review of clinical and translational studies."
2021,"Broad-Spectrum Antiviral Strategies and Nucleoside Analogues."
2021,"Satisfaction with remote teaching during the first semester of the COVID-19 crisis: Psychometric properties of a scale for health students."
2021,"Modified PRIEST score for identification of very low-risk COVID patients."
2021,"MSF experiences of providing multidisciplinary primary level NCD care for Syrian refugees and the host population in Jordan: an implementation study guided by the RE-AIM framework."
2021,"Microplastic pollution of worldwide lakes."
2021,"Quantum computing's reproducibility crisis: Majorana fermions."
2021,"Leaders and Laggards in Life Expectancy Among European Scholars From the Sixteenth to the Early Twentieth Century."
2021,"Code Review as a Simple Trick to Enhance Reproducibility, Accelerate Learning, and Improve the Quality of Your Team's Research."
2021,"A novel approach to combatting proboscidean ivory trafficking using a multiplex High-Resolution Melt (M-HRM) assay."
2021,"Development and performance evaluation of the first in-house multiplex rRT-PCR assay in Bangladesh for highly sensitive detection of SARS-CoV-2."
2021,"Reliable Surface Analysis Data of Nanomaterials in Support of Risk Assessment Based on Minimum Information Requirements."
2021,"The Teaching Digital Competence of Health Sciences Teachers. A Study at Andalusian Universities (Spain)."
2021,"Sulforaphane exhibits in vitro and in vivo antiviral activity against pandemic SARS-CoV-2 and seasonal HCoV-OC43 coronaviruses."
2021,"Antiviral drug screen identifies DNA-damage response inhibitor as potent blocker of SARS-CoV-2 replication."
2021,"Immediate and short-term efficacy of suicide-targeted interventions in suicidal individuals: A systematic review."
2021,"A reaction norm perspective on reproducibility."
2021,"Self-correction in science: The diagnostic and integrative motives for replication."
2021,"Subjective modeling choices and the robustness of impact evaluations in conservation science."
2021,"National Preclinical Sepsis Platform: developing a framework for accelerating innovation in Canadian sepsis research."
2021,"Is There a Replication Crisis in Medical Education Research?"
2021,"Structure of SARS-CoV-2 Spike Glycoprotein for Therapeutic and Preventive Target."
2021,"Potentiality of Moringa oleifera against SARS-CoV-2: identified by a rational computer aided drug design method."
2021,"[Flap design and preliminary clinical experience of the lower trapezius musculocutaneous flap carrying a portion of the latissimus dorsi muscle]."
2021,"When your goals inspire my goals: the role of effort, personal value, and inference in goal contagion."
2021,"Fully digital pathology laboratory routine and remote reporting of oral and maxillofacial diagnosis during the COVID-19 pandemic: a validation study."
2021,"Contributions of human ACE2 and TMPRSS2 in determining host-pathogen interaction of COVID-19."
2021,"Time to re-engage psychiatric drug discovery by strengthening confidence in preclinical psychopharmacology."
2021,"1'-Ribose cyano substitution allows Remdesivir to effectively inhibit nucleotide addition and proofreading during SARS-CoV-2 viral RNA replication."
2021,"Developing explanatory models for life course shifts in the burden of substance use to inform future policy and practice."
2021,"Infodemic and Fake News in Spain during the COVID-19 Pandemic."
2021,"Virus-associated ribozymes and nano carriers against COVID-19."
2021,"Design, synthesis, and structure activity relationship analysis of new betulinic acid derivatives as potent HIV inhibitors."
2021,"The Inclusive Review on SARS-CoV-2 Biology, Epidemiology, Diagnosis, and Potential Management Options."
2021,"Morpheme Position Coding in Reading Development as Explored With a Letter Search Task."
2021,"Why Psychology Needs to Stop Striving for Novelty and How to Move Towards Theory-Driven Research."
2021,"A novel assay for serum creatinine using a creatine kinase cycling reaction."
2021,"New Insights Into Potential Benefits of Bioactive Compounds of Bee Products on COVID-19: A Review and Assessment of Recent Research."
2021,"Innate immune evasion mediated by picornaviral 3C protease: Possible lessons for coronaviral 3C-like protease?"
2021,"Quantitative and Qualitative Approaches to Generalization and Replication-A Representationalist View."
2021,"On Unreplicable Inferences in Psychopathology Symptom Networks and the Importance of Unreliable Parameter Estimates."
2021,"Evidence-based interventions implemented in low-and middle-income countries for sickle cell disease management: A systematic review of randomized controlled trials."
2021,"Advanced microscopy technologies enable rapid response to SARS-CoV-2 pandemic."
2021,"Nonstructural protein 7 and 8 complexes of SARS-CoV-2."
2021,"Specific and Rapid SARS-CoV-2 Identification Based on LC-MS/MS Analysis."
2021,"Impact of COVID-19 on Pakistani dentists: a nationwide cross sectional study."
2021,"Insufficient transparency of statistical reporting in preclinical research: a scoping review."
2021,"A validation of the Postpartum Specific Anxiety Scale 12-item research short-form for use during global crises with five translations."
2021,"Risk factors for hypertensive crisis in adult patients: a systematic review."
2021,"Protein Kinase R Restricts the Intracellular Survival of Mycobacterium tuberculosis by Promoting Selective Autophagy."
2021,"The Protocol Gap."
2021,"Spanish Scientists' Opinion about Science and Researcher Behavior."
2021,"The Connection Between Cell Fate and Telomere."
2021,"The SARS-Coronavirus Infection Cycle: A Survey of Viral Membrane Proteins, Their Functional Interactions and Pathogenesis."
2021,"A computational approach for the screening of potential antiviral compounds against SARS-CoV-2 protease: Ionic liquid vs herbal and natural compounds."
2021,"An overview of applied robust methods."
2021,"Co-production, multiplied: Enactments of sex as a biological variable in US biomedicine."
2021,"Technical bias and the reproducibility crisis: The problem of systemic errors resulting from artefacts of equipment, methods or dataset has been underappreciated."
2021,"A narrative review on the basic and clinical aspects of the novel SARS-CoV-2, the etiologic agent of COVID-19."
2021,"Cortical Thickness in Migraine: A Coordinate-Based Meta-Analysis."
2021,"Making science computable: Developing code systems for statistics, study design, and risk of bias."
2021,"Effect of DNA repair inhibitor AsiDNA on the incidence of telomere fusion in crisis."
2021,"Detection-based prioritisation: Framework of multi-laboratory characteristics for asymptomatic COVID-19 carriers based on integrated Entropy-TOPSIS methods."
2021,"Potential health benefits of zinc supplementation for the management of COVID-19 pandemic."
2021,"The inhibitory effects of PGG and EGCG against the SARS-CoV-2 3C-like protease."
2021,"Current Approaches to Risk Assessment and Prevention of Preterm Birth-A Continuing Public Health Crisis."
2021,"Identifying organisational capability of hospitals amid the new healthcare reform in China: a Delphi study."
2021,"[Comparison of Hospital Preparedness to Deal with Crisis Situations in Mass Casualty Incidents According to the UN Human Development Index]."
2021,"Therapeutic targets and potential agents for the treatment of COVID-19."
2021,"Identifying the natural polyphenol catechin as a multi-targeted agent against SARS-CoV-2 for the plausible therapy of COVID-19: an integrated computational approach."
2021,"No effect of multi-axis dot pattern symmetry on subjective duration."
2021,"A novel virtual screening procedure identifies Pralatrexate as inhibitor of SARS-CoV-2 RdRp and it reduces viral replication in vitro."
2021,"The Evolution of Behavior Analysis: Toward a Replication Crisis?"
2020,"[Analysis of the degree of clinical suspect in patients with congenital adrenal hyperplasia by 21-hydroxylase deficiency before obtaining the result of the newborn screening program of the autonomous Community of Madrid.]"
2020,"Has the COVID-19 Crisis Affected the Growth of United States Food and Drug Administration Drug Approvals? The Answer is Not Yet! A Time Series (Forecasting) Study."
2020,"A High-Throughput Method for Screening for Genes Controlling Bacterial Conjugation of Antibiotic Resistance."
2020,"The generalizability crisis."
2020,"Microfluidic Technology for Antibacterial Resistance Study and Antibiotic Susceptibility Testing: Review and Perspective."
2020,"Rigor and reproducibility training for first year medical students in research pathways."
2020,"Statements About the Pervasiveness of Behavior Require Data About the Pervasiveness of Behavior."
2020,"Why Hypothesis Testers Should Spend Less Time Testing Hypotheses."
2020,"Sustained Positivity and Reinfection With SARS-CoV-2 in Children: Does Quarantine/Isolation Period Need Reconsideration in a Pediatric Population?"
2020,"Screened antipsychotic drugs inhibit SARS-CoV-2 binding with ACE2 in vitro."
2020,"Measuring Cumulative Stressfulness: Psychometric Properties of the COVID-19 Stressors Scale."
2020,"The Epistemological (Not Reproducibility) Crisis."
2020,"Ten years of enhancing neuro-imaging genetics through meta-analysis: An overview from the ENIGMA Genetics Working Group."
2020,"A cross-talk between epithelium and endothelium mediates human alveolar-capillary injury during SARS-CoV-2 infection."
2020,"Depicting the inhibitory potential of polyphenols from Isatis indigotica root against the main protease of SARS CoV-2 using computational approaches."
2020,"The replication crisis."
2020,"The main protease and RNA-dependent RNA polymerase are two prime targets for SARS-CoV-2."
2020,"Molecular Characterization of SARS-CoV-2."
2020,"Non-Coding RNAs and SARS-Related Coronaviruses."
2020,"Analysis goals, error-cost sensitivity, and analysis hacking: Essential considerations in hypothesis testing and multiple comparisons."
2020,"File-based localization of numerical perturbations in data analysis pipelines."
2020,"Breaking the circularity in circular analyses: Simulations and formal treatment of the flattened average approach."
2020,"Targeting SARS-CoV-2 main protease: structure based virtual screening, in silico ADMET studies and molecular dynamics simulation for identification of potential inhibitors."
2020,"Nasal Brushing Sampling and Processing using Digital High Speed Ciliary Videomicroscopy - Adaptation for the COVID-19 Pandemic."
2020,"The europe second wave of COVID-19 infection and the Italy ""strange"" situation."
2020,"Essential functional molecules associated with SARS-CoV-2 infection: Potential therapeutic targets for COVID-19."
2020,"Test sensitivity is secondary to frequency and turnaround time for COVID-19 screening."
2020,"Designing therapeutic strategies to combat severe acute respiratory syndrome coronavirus-2 disease: COVID-19."
2020,"Diabetes and COVID-19: a major challenge in pandemic period?"
2020,"Gender Disaggregation in COVID-19 and Increased Male Susceptibility."
2020,"Garlic (Allium sativum L.): a potential unique therapeutic food rich in organosulfur and flavonoid compounds to fight with COVID-19."
2020,"A decentralized framework for cultivating research lifecycle transparency."
2020,"Questionable Agreement: The Experience of Depression and DSM-5 Major Depressive Disorder Criteria."
2020,"Reproducibility Starts from You Today."
2020,"dtoolAI: Reproducibility for Deep Learning."
2020,"Actions do not speak louder than words in an interactive false belief task."
2020,"Wielding a gun increases judgments of others as holding guns: a randomized controlled trial."
2020,"The Rigor and Transparency Index Quality Metric for Assessing Biological and Medical Science Methods."
2020,"Network Changes in Insula and Amygdala Connectivity Accompany Implicit Suicidal Associations."
2020,"Lessons worth repeating: Sidman's Tactics of Scientific Research."
2020,"Quality of English inpatient mental health services for people with anxiety or depressive disorders: Findings and recommendations from the core audit of the National Clinical Audit of Anxiety and Depression."
2020,"Validating the Factor Structure of the Stigma of Suicide Scale - Short Form Spanish Version Among Healthcare Students."
2020,"In situ electrochemistry inside a TEM with controlled mass transport."
2020,"Plasma Proteomics Identify Biomarkers and Pathogenesis of COVID-19."
2020,"The effects of aging on host resistance and disease tolerance to SARS-CoV-2 infection."
2020,"SARS-CoV-2 isolation from the first reported patients in Brazil and establishment of a coordinated task network."
2020,"A Comprehensive Review on DNA Gyrase Inhibitors."
2020,"Fake news and fake research: Why meta-research matters more than ever."
2020,"Structural basis of Mfd-dependent transcription termination."
2020,"How do distal and proximal risk factors combine to predict suicidal ideation and behaviors? A prospective study of the narrative crisis model of suicide."
2020,"Why Most Research Findings About Psi Are False: The Replicability Crisis, the Psi Paradox and the Myth of Sisyphus."
2020,"DockCoV2: a drug database against SARS-CoV-2."
2020,"Improving reproducibility in animal research by splitting the study population into several 'mini-experiments'."
2020,"A Review on Pharmacokinetics properties of antiretroviral drugs to treat HIV-1 infections."
2020,"Forgotten Technology in the COVID-19 Pandemic: Filtration Properties of Cloth and Cloth Masks-A Narrative Review."
2020,"Chalcones, stilbenes and ketones have anti-infective properties via inhibition of bacterial drug-efflux and consequential synergism with antimicrobial agents."
2020,"Andrographolide and its fluorescent derivative inhibit the main proteases of 2019-nCoV and SARS-CoV through covalent linkage."
2020,"Evaluation Challenges in the Validation of B7-H3 as Oral Tongue Cancer Prognosticator."
2020,"Free fatty acid binding pocket in the locked structure of SARS-CoV-2 spike protein."
2020,"SARS-CoV-2 infection of Chinese hamsters (Cricetulus griseus) reproduces COVID-19 pneumonia in a well-established small animal model."
2020,"Sexual trauma uniquely associated with eating disorders: A replication study."
2020,"Timebanking and the co-production of preventive social care with adults; what can we learn from the challenges of implementing person-to-person timebanks in England?"
2020,"The ""replication crisis"" in the public eye: Germans' awareness and perceptions of the (ir)reproducibility of scientific research."
2020,"Immunopathology of Hyperinflammation in COVID-19."
2020,"Crystal structure of SARS-CoV-2 papain-like protease."
2020,"Are replication rates the same across academic fields? Community forecasts from the DARPA SCORE programme."
2020,"Detection of SARS-CoV-2 in raw and treated wastewater in Germany - Suitability for COVID-19 surveillance and potential transmission risks."
2020,"Theory of mind development: State of the science and future directions."
2020,"Measurement and antecedents of national resilience in Filipino adults during coronavirus crisis."
2020,"Human angiotensin-converting enzyme 2 transgenic mice infected with SARS-CoV-2 develop severe and fatal respiratory disease."
2020,"New Anti SARS-Cov-2 Targets for Quinoline Derivatives Chloroquine and Hydroxychloroquine."
2020,"Potential Role of Peptide-Based Antiviral Therapy Against SARS-CoV-2 Infection."
2020,"Validation of the German capability for suicide questionnaire (GCSQ) in a high-risk sample of suicidal inpatients."
2020,"Laterality 2020: entering the next decade."
2020,"Microbial Fuel Cell-Based Biological Oxygen Demand Sensors for Monitoring Wastewater: State-of-the-Art and Practical Applications."
2020,"Genomic variance of Open Reading Frames (ORFs) and Spike protein in severe acute respiratory syndrome coronavirus 2 (SARS-CoV-2)."
2020,"interferENZY: A Web-Based Tool for Enzymatic Assay Validation and Standardized Kinetic Analysis."
2020,"A decade of radiomics research: are images really data or just patterns in the noise?"
2020,"In silico investigation of phytoconstituents from Indian medicinal herb 'Tinospora cordifolia (giloy)' against SARS-CoV-2 (COVID-19) by molecular dynamics approach."
2020,"Psychedelic Research and the Need for Transparency: Polishing Alice's Looking Glass."
2020,"The Antibody Society's antibody validation webinar series."
2020,"Coronavirus Disease-2019 (COVID-19): An Updated Review."
2020,"Prior infection with intestinal coronaviruses moderates symptom severity and mortality in patients with COVID-19: A hypothesis and preliminary evidence."
2020,"Equivalence of remote, digital administration and traditional, in-person administration of the Wechsler Intelligence Scale for Children, Fifth Edition (WISC-V)."
2020,"Levelling the Translational Gap for Animal to Human Efficacy Data."
2020,"Comprehensive in-vivo secondary structure of the SARS-CoV-2 genome reveals novel regulatory motifs and mechanisms."
2020,"Adherence to Established Treatment Guidelines Among Unguided Digital Interventions for Depression: Quality Evaluation of 28 Web-Based Programs and Mobile Apps."
2020,"Suicide Prevention Gatekeeper Self-Efficacy Scale (GKSES)."
2020,"Searching Online for Methods of Suicide."
2020,"Mounting a Regional Response to the COVID-19 Pandemic: Another Reason to ""Keep"" Your Lab."
2020,"SARS-CoV-2, ACE2, and Hydroxychloroquine: Cardiovascular Complications, Therapeutics, and Clinical Readouts in the Current Settings."
2020,"Scientific Hypothesis-Testing Strengthens Neuroscience Research."
2020,"6-Thioguanine blocks SARS-CoV-2 replication by inhibition of PLpro protease activities."
2020,"A national effectiveness trial of an eHealth program to prevent alcohol and cannabis misuse: responding to the replication crisis."
2020,"Robustness of the EUROPEP questionnaire as regards data quality, reliability, and construct validity: The Greek experience before and after the economic crisis."
2020,"Role of vitamin D in preventing of COVID-19 infection, progression and severity."
2020,"Specific viral RNA drives the SARS CoV-2 nucleocapsid to phase separate."
2020,"A novel in vivo measure of cyberaggression."
2020,"Crossroads of telomere biology and anticancer drug discovery."
2020,"Re-analysis of SARS-CoV-2-infected host cell proteomics time-course data by impact pathway analysis and network analysis: a potential link with inflammatory response."
2020,"Rapid Validation of Telepathology by an Academic Neuropathology Practice During the COVID-19 Pandemic."
2020,"Tumor Lysis Syndrome Caused by Unrecognized Richter's Transformation of Chronic Lymphocytic Leukemia: Treatment With Venetoclax for Suspected Disease Progression."
2020,"The effect of journal guidelines on the reporting of antibody validation."
2020,"Lithium as a candidate treatment for COVID-19: Promises and pitfalls."
2020,"Is the reproducibility crisis fuelling poor mental health in science?"
2020,"Molecular Detection of SARS-CoV-2 in Formalin Fixed Paraffin Embedded Specimens."
2020,"Potent Antiviral Activities of Type I Interferons to SARS-CoV-2 Infection."
2020,"Algorithmic bias in social research: A meta-analysis."
2020,"Translational Intracerebral Hemorrhage Research: Has Current Neuroprotection Research ARRIVEd at a Standard for Experimental Design and Reporting?"
2020,"Oral Methioninase for Covid-19 Methionine-restriction Therapy."
2020,"Bayesian alternatives to null hypothesis significance testing in biomedical research: a non-technical introduction to Bayesian inference with JASP."
2020,"Thirty years of translational research in Mobility Medicine: Collection of abstracts of the 2020 Padua Muscle Days."
2020,"The mechanistic overview of SARS-CoV-2 using angiotensin-converting enzyme 2 to enter the cell for replication: possible treatment options related to the renin-angiotensin system."
2020,"Image-Based Cell Profiling Enables Quantitative Tissue Microscopy in Gastroenterology."
2020,"Assessing consistency of effects when applying multilevel models to single-case data."
2020,"Beyond Western, Educated, Industrial, Rich, and Democratic (WEIRD) Psychology: Measuring and Mapping Scales of Cultural and Psychological Distance."
2020,"Targeting evolution to inhibit antibiotic resistance."
2020,"'Sub-Prime' Water, Low-Security Entitlements and Policy Challenges in Over-Allocated River Basins: the Case of the Murray-Darling Basin."
2020,"Triage of patients with venous and lymphatic diseases during the COVID-19 pandemic - The Venous and Lymphatic Triage and Acuity Scale (VELTAS):: A consensus document of the International Union of Phlebology (UIP), Australasian College of Phlebology (ACP), American Vein and Lymphatic Society (AVLS), American Venous Forum (AVF), European College of Phlebology (ECoP), European Venous Forum (EVF), Interventional Radiology Society of Australasia (IRSA), Latin American Venous Forum, Pan-American Society of Phlebology and Lymphology and the Venous Association of India (VAI)."
2020,"New Insights of Human Parvovirus B19 in Modulating Erythroid Progenitor Cell Differentiation."
2020,"Testing a load theory framework for food-related cognition."
2020,"Established and Novel Mechanisms Leading to de novo Genomic Rearrangements in the Human Germline."
2020,"Digesting the crisis: autophagy and coronaviruses."
2020,"Avoidance Learning Across the Menstrual Cycle: A Conceptual Replication."
2020,"Automated Home-Cage Testing as a Tool to Improve Reproducibility of Behavioral Research?"
2020,"Molecular detection of SARS-CoV-2 in formalin-fixed, paraffin-embedded specimens."
2020,"Knowing how effective an intervention, treatment, or manipulation is and increasing replication rates: accuracy in parameter estimation as a partial solution to the replication crisis."
2020,"Scientific workflow managers in metabolomics: an overview."
2020,"Efficacy of chloroquine and hydroxychloroquine in the treatment of COVID-19."
2020,"Prospects of Indole derivatives as methyl transfer inhibitors: antimicrobial resistance managers."
2020,"Vaccine Design Informed by Virus-Induced Immunity."
2020,"Structural basis for inhibition of the RNA-dependent RNA polymerase from SARS-CoV-2 by remdesivir."
2020,"Shedding Light on the Effect of Natural Anti-Herpesvirus Alkaloids on SARS-CoV-2: A Treatment Option for COVID-19."
2020,"Methodological challenges in studying the COVID-19 pandemic crisis."
2020,"Beyond the forest plot: The drapery plot."
2020,"Going to the COVID-19 Gemba: Using observation and high reliability strategies to achieve safety in a time of crisis."
2020,"Analysis of Bayesian posterior significance and effect size indices for the two-sample t-test to support reproducible medical research."
2020,"Probabilistic forecasting of replication studies."
2020,"Potential of live pathogen vaccines for defeating the COVID-19 pandemic: History and mechanism."
2020,"Reproducible research into human chemical communication by cues and pheromones: learning from psychology's renaissance."
2020,"Human olfactory communication: current challenges and future prospects."
2020,"Coronavirus Anxiety Scale: A brief mental health screener for COVID-19 related anxiety."
2020,"Catastrophic Endgames: Emerging Mechanisms of Telomere-Driven Genomic Instability."
2020,"Role of DNA Damage Response in Suppressing Malignant Progression of Chronic Myeloid Leukemia and Polycythemia Vera: Impact of Different Oncogenes."
2020,"Repeatability analysis improves the reliability of behavioral data."
2020,"Validation of the Suicidal Behavior Exposure Scale in First Responders."
2020,"No relationship between researcher impact and replication effect: an analysis of five studies with 100 replications."
2020,"Improving the transparency of meta-analyses with interactive web applications."
2020,"On Attenuated Interactions, Measurement Error, and Statistical Power: Guidelines for Social and Personality Psychologists."
2020,"AAN position statement: Ethical issues in clinical research in neurology."
2020,"Standardization of the minimum information for publication of infrared-related data when microplastics are characterized."
2020,"Analysis of Anti-RNA Polymerase III Antibody-positive Systemic Sclerosis and Altered GPATCH2L and CTNND2 Expression in Scleroderma Renal Crisis."
2020,"C19orf66 interrupts Zika virus replication by inducing lysosomal degradation of viral NS3."
2020,"Aggressive video games research emerges from its replication crisis (Sort of)."
2020,"Science is not a signal detection problem."
2020,"Non-Viral in Vitro Gene Delivery: It is Now Time to Set the Bar!"
2020,"Sex-determining region Y box 4 (SOX4) suppresses Hepatitis B virus replication by inhibiting hepatocyte nuclear factor 4a expression."
2020,"No raw data, no science: another possible source of the reproducibility crisis."
2020,"Natural history collections and the future legacy of ecological research."
2020,"Improving the trustworthiness, usefulness, and ethics of biomedical research through an innovative and comprehensive institutional initiative."
2020,"Searching for a face in the crowd: Pitfalls and unexplored possibilities."
2020,"Hydroxycarboxylic Acid Receptor 2 Is a Zika Virus Restriction Factor That Can Be Induced by Zika Virus Infection Through the IRE1-XBP1 Pathway."
2020,"Replication crisis = trust crisis? The effect of successful vs failed replications on laypeople's trust in researchers and research."
2020,"Confronting the Crisis of Comorbid Alcohol Use Disorder and Alcohol-Related Liver Disease With a Novel Multidisciplinary Clinic."
2020,"Psychologists' psychologies of psychologists in a time of crisis."
2020,"Closing the circle: current state and perspectives of circular RNA databases."
2020,"Science's moral economy of repair: Replication and the circulation of reference."
2020,"The ""industrial"" revolution in biomedical research: Data explosion and reproducibility crisis drive changes in lab workflows."
2020,"Understanding the value and limits of nature-based solutions to climate change and other global challenges."
2020,"Validity of International Classification of Diseases codes in identifying illicit drug use target conditions using medical record data as a reference standard: A systematic review."
2020,"An Information Theoretic Approach to Model Selection: A Tutorial with Monte Carlo Confirmation."
2020,"Replication Research, Publication Bias, and Applied Behavior Analysis."
2020,"An Overview of Scientific Reproducibility: Consideration of Relevant Issues for Behavior Science/Analysis."
2020,"Genome-Wide Association Study in Two Cohorts from a Multi-generational Mouse Advanced Intercross Line Highlights the Difficulty of Replication Due to Study-Specific Heterogeneity."
2020,"Current Challenges in Translational and Clinical fMRI and Future Directions."
2020,"Low replicability can support robust and efficient science."
2020,"Pharmacogenomic associations of adverse drug reactions in asthma: systematic review and research prioritisation."
2020,"Accumulating evidence in ecology: Once is not enough."
2020,"Editorial: Family History of Depression and Child Striatal Volumes in the ABCD Study: Promise and Perils of Neuroimaging Research With Large Samples."
2020,"Indices of Effect Existence and Significance in the Bayesian Framework."
2020,"Determination of Morphine, Fentanyl and Their Metabolites in Small Sample Volumes Using Liquid Chromatography Tandem Mass Spectrometry."
2020,"A stable relationship between personality and academic performance from childhood through adolescence. An original study and replication in hundred-thousand-person samples."
2020,"Do oncology researchers adhere to reproducible and transparent principles? A cross-sectional survey of published oncology literature."
2020,"Research Culture and Reproducibility."
2020,"Post-publication peer review: another sort of quality control of the scientific record in biomedicine."
2019,"This AI researcher is trying to ward off a reproducibility crisis."
2019,"Tutorial: Nuisance or Substance? Leveraging Heterogeneity of Preferences."
2019,"Prospective Validity of the Suicide Cognitions Scale Among Acutely Suicidal Military Personnel Seeking Unscheduled Psychiatric Intervention."
2019,"Assessment of Phenotype Microarray plates for rapid and high-throughput analysis of collateral sensitivity networks."
2019,"Misinterpreting p: The discrepancy between p values and the probability the null hypothesis is true, the influence of multiple testing, and implications for the replication crisis."
2019,"Antibody validation for Western blot: By the user, for the user."
2019,"Cell Line Classification Using Electric Cell-Substrate Impedance Sensing (ECIS)."
2019,"A Neglected Aspect of the Reproducibility Crisis: Factor Analytic Monte Carlo Studies."
2019,"Combinatorial screening of a panel of FDA-approved drugs identifies several candidates with anti-Ebola activities."
2019,"Ethics of Opioid Prescriber Regulations: Physicians, Patients, and Pain."
2019,"Strategies used by families to cope with chronic mental illnesses: Psychometric properties of the family crisis oriented personal evaluation scale."
2019,"Publication rates in animal research. Extent and characteristics of published and non-published animal studies followed up at two German university medical centres."
2019,"Replicator degrees of freedom allow publication of misleading failures to replicate."
2019,"Statistical Analysis Must Improve to Address the Reproducibility Crisis: The ACcess to Transparent Statistics (ACTS) Call to Action."
2019,"Towards the enhancement of quality publication practices in clinical psychological science."
2019,"The psychology of experimental psychologists: Overcoming cognitive constraints to improve research: The 47th Sir Frederic Bartlett Lecture."
2019,"Heterogeneity in banker culture and its influence on dishonesty."
2019,"Intravenous cyclophosphamide monthly pulses in refractory myasthenia gravis."
2019,"Dissociable neural substrates of opioid and cocaine use identified via connectome-based modelling."
2019,"Laboratory Measurement's Contribution to the Replication and Application Crisis in Clinical Research."
2019,"Synthetic hydrophobic peptides derived from MgtR weaken Salmonella pathogenicity and work with a different mode of action than endogenously produced peptides."
2019,"3Rs as part of preclinical neuropsychiatric translational crisis, and ARRIVE guidelines as part of solution."
2019,"Age of acquisition impacts the brain differently depending on neuroanatomical metric."
2019,"Rate and success of study replication in ecology and evolution."
2019,"A Social Psychological Model of Scientific Practices: Explaining Research Practices and Outlining the Potential for Successful Reforms."
2019,"Designing traceable opioid material§ kits to improve laboratory testing during the U.S. opioid overdose crisis."
2019,"Replication of fMRI group activations in the neuroimaging battery for the Mainz Resilience Project (MARP)."
2019,"Addressing the theory crisis in psychology."
2019,"Should We Say Goodbye to Latent Constructs to Overcome Replication Crisis or Should We Take Into Account Epistemological Considerations?"
2019,"Controlling decision errors with minimal costs: The sequential probability ratio t test."
2019,"Continuous artificial synthesis of glucose precursor using enzyme-immobilized microfluidic reactors."
2019,"Enzybiotics: Enzyme-Based Antibacterials as Therapeutics."
2019,"Trends and predictors of biomedical research quality, 1990-2015: a meta-research study."
2019,"Palmatine inhibits Zika virus infection by disrupting virus binding, entry, and stability."
2019,"The Development and Psychometric Evaluation of the Reasons for Disclosing Sexual and Intimate Partner Violence Scale."
2019,"In the Grand Scheme of Things: Identifying Reproducible Microbial Signatures in Dietary Intervention Studies."
2019,"RNA-DNA Hybrids Support Recombination-Based Telomere Maintenance in Fission Yeast."
2019,"Reproducibility: the search for microbiome standards."
2019,"Characterizing scientific failure: Putting the replication crisis in context."
2019,"Immunoassays are not immune to errors: Examples from two studies of steroid output from freshwater trout farms."
2019,"Introduction to the special section on increasing replicability, transparency, and openness in clinical psychology."
2019,"Genome-wide scan identifies opioid overdose risk locus close to MCOLN1."
2019,"An overview of issues in infant and developmental research for the creation of robust and replicable science."
2019,"Is Suicide Beautiful?"
2019,"Erratum: Author Correction: The reproducibility crisis in the age of digital medicine."
2019,"Postselection Inference in Structural Equation Modeling."
2019,"The reproducibility crisis in the age of digital medicine."
2019,"Measurement accuracy and uncertainty in plant biomechanics."
2019,"A Dose of Reality: How 20 Years of Incomplete Physics and Dosimetry Reporting in Radiobiology Studies May Have Contributed to the Reproducibility Crisis."
2019,"P-curving the fusiform face area: Meta-analyses support the expertise hypothesis."
2019,"P value functions: An underused method to present research results and to promote quantitative reasoning."
2019,"Personality Associations With Smartphone and Internet Use Disorder: A Comparison Study Including Links to Impulsivity and Social Anxiety."
2019,"Radiomics in nuclear medicine: robustness, reproducibility, standardization, and how to avoid data analysis traps and replication crisis."
2019,"Impact of Mobile Crisis Services on Emergency Department Use Among Youths With Behavioral Health Service Needs."
2019,"Establishment of a Cell Culture Model of Persistent Flaviviral Infection: Usutu Virus Shows Sustained Replication during Passages and Resistance to Extinction by Antiviral Nucleosides."
2019,"Using automation to combat the replication crisis: A case study from controlled-rearing studies of newborn chicks."
2019,"Replication of an emergency department-based recovery coaching intervention and pilot testing of pragmatic trial protocols within the context of Indiana's Opioid State Targeted Response plan."
2019,"Exploring Research-Methods Blogs in Psychology: Who Posts What About Whom, and With What Effect?"
2019,"Respectable Challenges to Respectable Theory: Cognitive Dissonance Theory Requires Conceptualization Clarification and Operational Tools."
2019,"Is Prolonged Slow Expiration a Reproducible Airway Clearance Technique?"
2019,"Heterogenising study samples across testing time improves reproducibility of behavioural data."
2019,"Privacy versus open science."
2019,"We need to change our attitude, and journals can help: Reflections in response to Spiller & Olff (2018)."
2019,"Quantifying the Reliability and Replicability of Psychopathology Network Characteristics."
2019,"Transient multifocal genomic crisis creating chromothriptic and non-chromothriptic rearrangements in prezygotic testicular germ cells."
2019,"Targeted and Persistent 8-Oxoguanine Base Damage at Telomeres Promotes Telomere Loss and Crisis."
2019,"What the replication crisis means for intervention science."
2019,"Applicability of papain solutions in immunohematology."
2019,"Daily adjustment of glucocorticoids by patients with adrenal insufficiency."
2019,"False-positive pathology: improving reproducibility with the next generation of pathologists."
2019,"Patient safety culture in Hungarian hospitals."
2019,"Issues and current standards of controls in microbiome research."
2019,"Screening Pipeline for Flavivirus Based Inhibitors for Zika Virus NS1."
2019,"A problem in theory."
2019,"Validation of the Recovery Style Questionnaire in Outpatients With Affective Disorders."
2019,"Outsiders' Thoughts on Generating Self-Regulatory-Depletion (Fatigue) Effects in Limited-Resource Experiments."
2019,"A Plea for Preregistration in Personality Disorders Research: The Case of Psychopathy."
2019,"Both the classical and alternative non-homologous end joining pathways contribute to the fusion of drastically shortened telomeres induced by TRF2 overexpression."
2019,"Chromothripsis during telomere crisis is independent of NHEJ, and consistent with a replicative origin."
2019,"Independent discussion sections for improving inferential reproducibility in published research."
2019,"Use of publication procedures to improve research integrity by addiction journals."
2019,"Can hypnotic suggestibility be measured online?"
2019,"Developing a Measure of Generative Historical Consciousness From Political Leaders' Speeches."
2019,"The Changing Landscape of Journalology in Medicine."
2019,"Zika virus infection induces RNAi-mediated antiviral immunity in human neural progenitors and brain organoids."
2019,"If this is true, what does it imply? How end-user antibody validation facilitates insights into biology and disease."
2019,"Validation of antibody-based assays for regulatory peptides: Do it once, get it right, and exploit the under-appreciated benefit of long-term antibody stability."
2019,"Understanding of researcher behavior is required to improve data reliability."
2019,"Replicability and replication in the humanities."
2019,"Replicability and randomization test logic in behavior analysis."
2019,"Improving transparency and scientific rigor in academic publishing."
2019,"Whither Cochrane?"
2019,"Psychology's Replication Crisis and Clinical Psychological Science."
2019,"Understanding and Mitigating the Replication Crisis, for Environmental Epidemiologists."
2019,"Registered reports: an early example and analysis."
2019,"Barriers and solutions for early career researchers in tackling the reproducibility crisis in cognitive neuroscience."
2019,"""Super-rapid"" Technique in Donation After Circulatory Death Liver Donors: Advantages and Disadvantages."
2019,"Emerging roles of telomeric chromatin alterations in cancer."
2019,"Anti-zika virus activity of polyoxometalates."
2019,"Diagnosis of bacterial meningitis in Ghana: Polymerase chain reaction versus latex agglutination methods."
2019,"Development and Validity of the Personal Suicide Stigma Questionnaire (PSSQ)."
2019,"Toward Good In Vitro Reporting Standards."
2019,"Bring It to an End: Does Telomeres Size Matter?"
2019,"Measuring authoritarianism in a Greek health care setting."
2019,"What Crisis? Management Researchers' Experiences with and Views of Scholarly Misconduct."
2019,"Tumor Pre-Analytics in Molecular Pathology: Impact on Protein Expression and Analysis."
2018,"Scientific Integrity and the Reproducibility Crisis."
2018,"Zika virus induces strong inflammatory responses and impairs homeostasis and function of the human retinal pigment epithelium."
2018,"Testing the effect of cooperative/competitive priming on the Prisoner's Dilemma. A replication study."
2018,"Recent developments in scholarly publishing to improve research practices in the life sciences."
2018,"No experimental evidence for emotion-specific gaze cueing in a threat context."
2018,"Network localization of heterogeneous neuroimaging findings."
2018,"Drug discovery today: no molecules required."
2018,"Differential expression profiles and functional analysis of plasma miRNAs associated with chronic myeloid leukemia phases."
2018,"Replication of Resting State-Task Network Correspondence and Novel Findings on Brain Network Activation During Task fMRI in the Human Connectome Project Study."
2018,"The Dark Side of Information Proliferation."
2018,"To Read More Papers, or to Read Papers Better? A Crucial Point for the Reproducibility Crisis."
2018,"Assessing the Reliability of the CAMS Rating Scale Using a Generalizability Study."
2018,"The crisis in replicability."
2018,"Transformation-induced stress at telomeres is counteracted through changes in the telomeric proteome including SAMHD1."
2018,"Measuring non-technical skills of anaesthesiologists in the operating room: a systematic review of assessment tools and their measurement properties."
2018,"ON EXACTITUDE IN SCIENCE: A MAP OF THE EMPIRE THE SIZE OF THE EMPIRE."
2018,"Is it possible to overcome issues of external validity in preclinical animal research? Why most animal models are bound to fail."
2018,"Cross-cultural research projects as an effective solution for the replication crisis in psychology and psychiatry."
2018,"Neurotrauma as a big-data problem."
2018,"Development and Pilot Testing of a Context-Relevant Safe Anesthesia Checklist for Cesarean Delivery in East Africa."
2018,"Replicability or reproducibility? On the replication crisis in computational neuroscience and sharing only relevant detail."
2018,"Editorial: Data repositories, registries, and standards in the search for valid and reproducible biomarkers."
2018,"Validation of deep-learning-based triage and acuity score using a large national dataset."
2018,"Insall-Salvati ratio stabilizes one year after mobile-bearing total knee arthroplasty and does not correlate with mid-to-long-term clinical outcomes."
2018,"The misattribution of emotions and the error-related negativity: A registered report."
2018,"Finding Wealth in Waste: Irreplicability Re-Examined."
2018,"Measuring the teamwork performance of teams in crisis situations: a systematic review of assessment tools and their measurement properties."
2018,"Practical tools and strategies for researchers to increase replicability."
2018,"Big Data. A briefing."
2018,"Redefine or justify? Comments on the alpha debate."
2018,"Examining the Roles of H3K4 Methylation States with Systematically Characterized Antibodies."
2018,"Accounting for stimulus and participant effects in event-related potential analyses to increase the replicability of studies."
2018,"Simple changes of individual studies can improve the reproducibility of the biomedical scientific process as a whole."
2018,"The Crisis of Reproducibility, the Denominator Problem and the Scientific Role of Multi-scale Modeling."
NA,NA
2018,"Assessing Sexual Orientation Symptoms in Obsessive-Compulsive Disorder: Development and Validation of the Sexual Orientation Obsessions and Reactions Test (SORT)."
2018,"Statistical mistakes and how to avoid them - lessons learned from the reproducibility crisis."
2018,"How to Do a Systematic Review: A Best Practice Guide for Conducting and Reporting Narrative Reviews, Meta-Analyses, and Meta-Syntheses."
2018,"Assessment tools of immediate risk of self-harm and suicide in children and young people: A scoping review."
2018,"Expanding the CONSORT Figure: Increasing Transparency in Reporting on External Validity."
2018,"Building an Open Science Framework to Model Soil Organic Carbon."
2018,"A Guide to Reproducibility in Preclinical Research."
2018,"The Road to Uncreative Science Is Paved With Good Intentions: Ideas, Implementations, and Uneasy Balances."
2018,"Implications of the Credibility Revolution for Productivity, Creativity, and Progress."
2018,"Getting personal with the ""reproducibility crisis"": interviews in the animal research community."
2018,"P-Value, Confidence Intervals, and Statistical Inference: A New Dataset of Misinterpretation."
2018,"Refining value-at-risk estimates using a Bayesian Markov-switching GJR-GARCH copula-EVT model."
2018,"Interobserver concordance of assessments of dysplasia and blast counts for the diagnosis of patients with cytopenia: From the Japanese central review study."
2018,"Validation of the WHO-defined 20% circulating blasts threshold for diagnosis of leukemic transformation in primary myelofibrosis."
2018,"Identifying and Overcoming Threats to Reproducibility, Replicability, Robustness, and Generalizability in Microbiome Research."
2018,"Medical journals should embrace preprints to address the reproducibility crisis."
2018,"The ""Reproducibility Crisis:"" Might the Methods Used Frequently in Behavior-Analysis Research Help?"
2018,"ProvCaRe Semantic Provenance Knowledgebase: Evaluating Scientific Reproducibility of Research Studies."
2018,"The replication crisis in epidemiology: snowball, snow job, or winter solstice?"
2018,"Managing the 1920s' Chilean educational crisis: A historical view combined with machine learning."
2018,"Special Editorial: Open science and the Journal of Child Psychology & Psychiatry - next steps?"
2018,"Vaccinia-based vaccines to biothreat and emerging viruses."
2018,"Perceived crisis and reforms: Issues, explanations, and remedies."
2018,"Muscle tensions merge to cause a DNA replication crisis."
2018,"The path to VICTORy - a beginner's guide to success using commercial research antibodies."
2018,"Replications Everywhere: Why the replication crisis might be less severe than it seems at first."
2018,"Hypothesis-Testing Demands Trustworthy Data-A Simulation Approach to Inferential Statistics Advocating the Research Program Strategy."
2018,"Nutrient Stress Small-Molecule Screening Platform for Escherichia coli."
2018,"A CRISPR-Cas9-Based Toolkit for Fast and Precise In Vivo Genetic Engineering of Bacillus subtilis Phages."
2018,"Invited review: Reproducible research from noisy data: Revisiting key statistical principles for the animal sciences."
2018,"RPtag as an Orally Bioavailable, Hyperstable Epitope Tag and Generalizable Protein Binding Scaffold."
2018,"Strategies to Avoid Replication Failure With Evidence-Based Prevention Interventions: Case Examples From the Strengthening Families Program."
2018,"Advanced Good Cell Culture Practice for human primary, stem cell-derived and organoid models as well as microphysiological systems."
2018,"Reproducibility crisis in science or unrealistic expectations?"
2018,"The preprint debate: What are the issues?"
2018,"Does health informatics have a replication crisis?"
2018,"Is Implicit Theory of Mind a Real and Robust Phenomenon? Results From a Systematic Replication Study."
2018,"Identity Crisis - Rigor and Reproducibility in Human Cell Lines."
2018,"Randomly auditing research labs could be an affordable way to improve research quality: A simulation study."
2018,"Statistical reporting inconsistencies in experimental philosophy."
2018,"A toolbox of immunoprecipitation-grade monoclonal antibodies to human transcription factors."
2018,"Analysis of fentanyl analogs and novel synthetic opioids in blood, serum/plasma, and urine in forensic casework."
2018,"Ensuring reproducibility and ethics in animal experiments reporting in Korea using the ARRIVE guideline."
2018,"A Multidimensional Theory of Suicide."
2018,"Why all randomised controlled trials produce biased results."
2018,"Scientific productivity: An exploratory study of metrics and incentives."
2018,"Construct and criterion validity testing of the Non-Technical Skills for Surgeons (NOTSS) behaviour assessment tool using videos of simulated operations."
2018,"Assessing scientists for hiring, promotion, and tenure."
2018,"A psychosocial assessment and management tool for children and youth in crisis."
2018,"A note on Type S/M errors in hypothesis testing."
2018,"Genes, Proteins, and Biological Pathways Preventing Chromothripsis."
2018,"Small is beautiful: In defense of the small-N design."
2018,"Filoviruses: Ecology, Molecular Biology, and Evolution."
2018,"Psychometric proprieties of the Child Health Questionnaire in an Arabic-speaking context: A multi-trait and multi-sample study."
2018,"Raising Awareness for the Replication Crisis in Clinical Psychology by Focusing on Inconsistencies in Psychotherapy Research: How Much Can We Rely on Published Findings from Efficacy Trials?"
2018,"Opinion: Is science really facing a reproducibility crisis, and do we need it to?"
2018,"Potential Application of Digitally Linked Tuberculosis Diagnostics for Real-Time Surveillance of Drug-Resistant Tuberculosis Transmission: Validation and Analysis of Test Results."
2018,"Reproducibility and replicability in zebrafish behavioral neuroscience research."
2018,"A lost opportunity for science: journals promote data sharing in metabolomics but do not enforce it."
2018,"Twenty-Five Years of Lamivudine: Current and Future Use for the Treatment of HIV-1 Infection."
2018,"Artificial intelligence faces reproducibility crisis."
2018,"Exploratory and Confirmatory Analyses in Sentence Processing: A Case Study of Number Interference in German."
2018,"Modelling science trustworthiness under publish or perish pressure."
2018,"Beyond 'significance': principles and practice of the Analysis of Credibility."
2018,"Defeat and entrapment: more than meets the eye? Applying network analysis to estimate dimensions of highly correlated constructs."
2018,"Telomeres: Implications for Cancer Development."
2018,"Experimenter gender and replicability in science."
2018,"Building capacity to encourage research reproducibility and #MakeResearchTrue."
2018,"Genotypic variability enhances the reproducibility of an ecological study."
2018,"Psychology, Science, and Knowledge Construction: Broadening Perspectives from the Replication Crisis."
2018,"Systematic heterogenization for better reproducibility in animal experimentation."
2018,"Contributing to Overall Life Satisfaction: Personality Traits Versus Life Satisfaction Variables Revisited-Is Replication Impossible?"
2017,"Performance qualification for reproducible Surface Plasmon Resonance analysis."
2017,"APA/Psi Chi Edwin B. Newman Graduate Research Award: Samantha F. Anderson."
2017,"A three year study of metal levels in skin biopsies of whales in the Gulf of Mexico after the Deepwater Horizon oil crisis."
2017,"How often should we expect to be wrong? Statistical power, P values, and the expected prevalence of false discoveries."
2017,"Inbred or Outbred? Genetic Diversity in Laboratory Rodent Colonies."
2017,"Human Parvovirus B19 Utilizes Cellular DNA Replication Machinery for Viral DNA Replication."
2017,"Grand Challenges for Personality and Social Psychology: Moving beyond the Replication Crisis."
2017,"Implicit Theory of Mind - An overview of current replications and non-replications."
2017,"Fact or fiction: reducing the proportion and impact of false positives."
2017,"From Discovery to Justification: Outline of an Ideal Research Program in Empirical Psychology."
2017,"Lacking quality in research: Is behavioral neuroscience affected more than other areas of biomedical science?"
2017,"The Measurement and Role of Ecological Resilience Systems Theory Across Domain-Specific Outcomes: The Domain-Specific Resilient Systems Scales."
2017,"Relationship Between Viremia and Specific Organ Damage in Ebola Patients: A Cohort Study."
2017,"It's Time to Broaden the Replicability Conversation: Thoughts for and From Clinical Psychological Science."
2017,"Alternative Lengthening of Telomeres: DNA Repair Pathways Converge."
2017,"The RAPIDD ebola forecasting challenge: Synthesis and lessons learnt."
2017,"Ethical and Legal Implications of the Methodological Crisis in Neuroimaging."
2017,"Caring about Power Analyses."
2017,"[Statistics at the time of the crisis]."
2017,"The Failure of Null Hypothesis Significance Testing When Studying Incremental Changes, and What to Do About It."
2017,"Reliability of EEG Measures of Interaction: A Paradigm Shift Is Needed to Fight the Reproducibility Crisis."
2017,"The science reproducibility crisis and the necessity to publish negative results."
2017,"Moving Forward: Challenges and Directions for Psychopathological Network Theory and Methodology."
2017,"Why statistical inference from clinical trials is likely to generate false and irreproducible results."
2017,"When Null Hypothesis Significance Testing Is Unsuitable for Research: A Reassessment."
2017,"The reproducibility ""crisis"": Reaction to replication crisis should not stifle innovation."
2017,"[Psychotherapeutic interventions for suicidal adolescents  a systematic review of the current literature]."
2017,"An overview of forensic drug testing methods and their suitability for harm reduction point-of-care services."
2017,"Participant Nonnaiveté and the reproducibility of cognitive psychology."
2017,"Sepsis reconsidered: Identifying novel metrics for behavioral landscape characterization with a high-performance computing implementation of an agent-based model."
2017,"Going in Many Right Directions, All at Once."
2017,"Psychology's Replication Crisis and the Grant Culture: Righting the Ship."
2017,"The ABCs of finding a good antibody: How to find a good antibody, validate it, and publish meaningful data."
2017,"Evaluation of a Simpler Tool to Assess Nontechnical Skills During Simulated Critical Events."
2017,"Investigating reproducibility and tracking provenance - A genomic workflow case study."
2017,"The earth is flat (p > 0.05): significance thresholds and the crisis of unreplicable research."
2017,"Commentary: Reproducibility in Psychological Science: When Do Psychological Phenomena Exist?"
2017,"Errors in data interpretation from genetic variation of human analytes."
2017,"Validity evidence of non-technical skills assessment instruments in simulated anaesthesia crisis management."
2017,"Simulation-based Assessment of the Management of Critical Events by Board-certified Anesthesiologists."
2017,"The replacement of assertive outreach services by reinforcing local community teams: a replication study reporting comparative outcomes and patient reported experience."
2017,"Confidence crisis of results in biomechanics research."
2017,"Translational pain assessment: could natural animal models be the missing link?"
2017,"Big Data, Small Sample."
2017,"ERK1/2 signaling mediated naringin-induced osteogenic differentiation of immortalized human periodontal ligament stem cells."
2017,"The HEADS-ED: Evaluating the Clinical Use of a Brief, Action-Oriented, Pediatric Mental Health Screening Tool."
2017,"Psychometric characteristics of the mental health crisis assessment scale in youth with autism spectrum disorder."
2017,"Sexual orientation differences in treatment expectation, alliance, and outcome among patients at risk for suicide in a public psychiatric hospital."
2017,"A critical evaluation of the current ""p-value controversy""."
2017,"Crisis checklists for in-hospital emergencies: expert consensus, simulation testing and recommendations for a template determined by a multi-institutional and multi-disciplinary learning collaborative."
2017,"Challenging Authority During an Emergency-the Effect of a Teaching Intervention."
2017,"Challenges to Ego-Depletion Research Go beyond the Replication Crisis: A Need for Tackling the Conceptual Crisis."
2017,"The credibility crisis in research: Can economics tools help?"
2017,"Bayesian data analysis for newcomers."
2017,"The (non-)replicability of regulatory resource depletion: A field report employing non-invasive brain stimulation."
2017,"The challenges with the validation of research antibodies."
2017,"Malaria overdiagnosis and subsequent overconsumption of antimalarial drugs in Angola: Consequences and effects on human health."
2017,"Introducing Therioepistemology: the study of how knowledge is gained from animal research."
2017,"A patient called Medical Research."
2017,"Allen Newell's Program of Research: The Video-Game Test."
2017,"Addressing the ""Replication Crisis"": Using Original Studies to Design Replication Studies with Appropriate Statistical Power."
2017,"""Omics""-Informed Drug and Biomarker Discovery: Opportunities, Challenges and Future Perspectives."
2017,"Female fecundity variation affects reproducibility of experiments on host plant preference and acceptance in a phytophagous insect."
2017,"The probability of probability and research truths."
2017,"Measurement error and the replication crisis."
2017,"Relevant aspects of imaging in the diagnosis and management of gout."
2017,"Patent Law's Reproducibility Paradox."
2017,"Telomeres in cancer: tumour suppression and genome instability."
2017,"Unobtrusive and Wearable Systems for Automatic Dietary Monitoring."
2017,"[Formula: see text]The statistical crisis in science: how is it relevant to clinical neuropsychology?"
2017,"DNA replication proteins as potential targets for antimicrobials in drug-resistant bacterial pathogens."
2017,"Detection of Viral RNA in Tissues following Plasma Clearance from an Ebola Virus Infected Patient."
2017,"Peculiarities of Yeasts and Human Telomerase RNAs Processing."
2017,"Trombones Elicit Bitter More Strongly Than Do Clarinets: a Partial Replication of Three Studies of Crisinel and Spence."
2016,"Robust planning of sanitation services in urban informal settlements: An analytical framework."
2016,"Do Student Samples Provide an Accurate Estimate of the General Public?"
2016,"[Reliability of biomedical research.]"
2016,"Publication bias and the canonization of false facts."
2016,"Can the behavioral sciences self-correct? A social epistemic study."
2016,"Development of a measure of model fidelity for mental health Crisis Resolution Teams."
2016,"EMPOWERING MULTI-COHORT GENE EXPRESSION ANALYSIS TO INCREASE REPRODUCIBILITY."
2016,"Cytoarchitecture of Zika virus infection in human neuroblastoma and Aedes albopictus cell lines."
2016,"Development and Validation of the Gatekeeper Behavior Scale."
2016,"Persistent threats to validity in single-group interrupted time series analysis with a cross over design."
2016,"The impact of fraudulent and irreproducible data to the translational research crisis - solutions and implementation."
2016,"The next step in translational research: lessons learned from the first preclinical randomized controlled trial."
2016,"Integrated Computational Approach for Virtual Hit Identification against Ebola Viral Proteins VP35 and VP40."
2016,"[On-site detection of bioterrorism-relevant agents : Rapid detection methods for viruses, bacteria and toxins - capabilities and limitations]."
2016,"A 13-year time trend analysis of 3724 small bowel video capsule endoscopies and a forecast model during the financial crisis in Greece."
2016,"A Tutorial on Hunting Statistical Significance by Chasing N."
2016,"Prediction of suicidal behavior in high risk psychiatric patients using an assessment of acute suicidal state: The suicide crisis inventory."
2016,"Never Waste a Good Crisis: Confronting Reproducibility in Translational Research."
2016,"Toxicology and the reproducibility crisis: Scientific publishing, hazard assessment and risk characterization."
2016,"Venerable brain-cancer cell line faces identity crisis."
2016,"Multiscale approaches to crowd dynamics and the reliability of data from experiments: Comment on ""Human behaviours in evacuation crowd dynamics: From modelling to ""big data"" toward crisis management"" by Nicola Bellomo et al."
2016,"Acute Liver Damage Associated with Innate Immune Activation in a Small Nonhuman Primate Model of Hepacivirus Infection."
2016,"Is There a Free Lunch in Inference?"
2016,"The reproducibility issue and preclinical academic drug discovery: educational and institutional initiatives fostering translation success."
2016,"A Practical Guide for Improving Transparency and Reproducibility in Neuroimaging Research."
2016,"Beyond p-values in the evaluation of brain-computer interfaces: A Bayesian estimation approach."
2016,"An Italian version of the Ottawa Crisis Resource Management Global Rating Scale: a reliable and valid tool for assessment of simulation performance."
2016,"Reliability of cardiac output measurements using LiDCOrapid and FloTrac/Vigileo across broad ranges of cardiac output values."
2016,"Heparin centenary - an ever-young life-saving drug."
2016,"Psychology, replication & beyond."
2016,"The Priority position paper: Protecting Europe's food chain from prions."
2016,"Reproducibility Crisis: Are We Ignoring Reaction Norms?"
2016,"Assessing the stochastic variability of the Benefit-Cost ratio in roadway safety management."
2016,"The Experiment Factory: Standardizing Behavioral Experiments."
2016,"Rapid Inhibition Profiling in Bacillus subtilis to Identify the Mechanism of Action of New Antimicrobials."
2016,"A Toolbox for Quantitative Gene Expression in Varroa destructor: RNA Degradation in Field Samples and Systematic Analysis of Reference Gene Stability."
2016,"A mechanistic evaluation of the Syrian hamster embryo cell transformation assay (pH 6.7) and molecular events leading to senescence bypass in SHE cells."
2016,"The Galaxy platform for accessible, reproducible and collaborative biomedical analyses: 2016 update."
2016,"Improving the rigor of psychophysiology research."
2016,"Reproducibility in Natural Language Processing: A Case Study of Two R Libraries for Mining PubMed/MEDLINE."
2016,"[Measurement of unemployment-related psychological stress: Validation of the Unemployment Stress (USS)]."
2016,"[Current seroprevalence, vaccination and predictive value of liver enzymes for hepatitis B among refugees in Germany]."
2016,"Grappling with the generalizability crisis in addiction treatment research."
2016,"The genomic characteristics and cellular origin of chromothripsis."
2016,"Quality Issues of Research Antibodies."
2016,"The Problem of False Discovery: Many Scientific Results Can't Be Replicated, Leading to Serious Questions about What's True and False in the World of Research."
2016,"Simulation Testing for Selection of Critical Care Medicine Trainees. A Pilot Feasibility Study."
2016,"Authentication of experimental materials: A remedy for the reproducibility crisis?"
2016,"Drug repurposing to target Ebola virus replication and virulence using structural systems pharmacology."
2016,"Rigor and replication in time-frequency analyses of cognitive electrophysiology data."
2016,"When Quality Beats Quantity: Decision Theory, Drug Discovery, and the Reproducibility Crisis."
2016,"Validity and reliability of a novel Color-Risk Psychiatric Triage in a psychiatric emergency department."
2016,"How to avoid pitfalls in antibody use."
2016,"L-Arginine ethylester enhances in vitro amplification of PrP(Sc) in macaques with atypical L-type bovine spongiform encephalopathy and enables presymptomatic detection of PrP(Sc) in the bodily fluids."
2016,"The Internal Reliability of Family Crisis Oriented Personal Evaluation Scale (F-COPES) in Malay version among caregivers of individual with learning disabilities."
2016,"Update of the human parvovirus B19 biology."
2016,"Inference Based on the Best-Fitting Model can Contribute to the Replication Crisis: Assessing Model Selection Uncertainty Using a Bootstrap Approach."
2015,"New Minimum Relative Humidity Requirements Are Expected to Lead to More Medical Device Failures."
2015,"Development and Evaluation of the Telephone Crisis Support Skills Scale."
2015,"Too Much to Bear: Psychometric Evidence Supporting the Perceived Burdensomeness Scale."
2015,"A Short (Personal) Future History of Revolution 2.0."
2015,"Complex interactions between the DNA-damage response and mammalian telomeres."
2015,"Fool-proofing design and crisis management  for customized intelligent physical fitness  and healthcare system."
2015,"The Healthy Weight Disparity Index: Why We Need It to Solve the Obesity Crisis."
2015,"Measuring Limit-Setting Practices Used by Family Members Towards Relatives with Psychiatric Disorders."
2015,"[Background and practical use of the assessment of identity development in adolescence (AIDA)]."
2015,"Construction and initial validation of the Multiracial Experiences Measure (MEM)."
2015,"A <U+03BB> Cro-Like Repressor Is Essential for the Induction of Conjugative Transfer of SXT/R391 Elements in Response to DNA Damage."
2015,"Tackling reproducibility in academic preclinical drug discovery."
2015,"Diagnosis and Assessment of NAFLD: Definitions and Histopathological Classification."
2015,"Investigating the validity and usability of an interactive computer programme for assessing competence in telephone-based mental health triage."
2015,"""Everybody knows psychology is not a real science"": Public perceptions of psychology and how we can improve our relationship with policymakers, the scientific community, and the general public."
2015,"Is psychology suffering from a replication crisis? What does ""failure to replicate"" really mean?"
2015,"Introducing EbolaCheck: potential for point-of-need infectious disease diagnosis."
2015,"A tragedy of the (academic) commons: interpreting the replication crisis in psychology as a social dilemma for early-career researchers."
2015,"The sense of identity and symptoms of personality disorders - The results of a non-clinical population study."
2015,"Beyond Power Calculations: Assessing Type S (Sign) and Type M (Magnitude) Errors."
2015,"Differences in Establishment of Persistence of Vaccine and Wild Type Rubella Viruses in Fetal Endothelial Cells."
2015,"Specific serum IgG at diagnosis of Staphylococcus aureus bloodstream invasion is correlated with disease progression."
2015,"Development of a Model System for Tick-Borne Flavivirus Persistence in HEK 293T Cells."
2015,"Replication, falsification, and the crisis of confidence in social psychology."
2015,"Reversed-phase ion-pair chromatography-diode array detection of the bispyridinium compound MB327: plasma analysis of a potential novel antidote for the treatment of organophosphorus poisoning."
2015,"Patient-reported assessment of self-management strategies of health in cancer patients: development and validation of the Smart Management Strategy for Health Assessment Tool (SAT)."
2015,"Reproducibility crisis: Blame it on the antibodies."
2015,"The use of pseudotypes to study viruses, virus sero-epidemiology and vaccination."
2015,"Alpha-Linolenic Acid-Induced Increase in Neurogenesis is a Key Factor in the Improvement in the Passive Avoidance Task After Soman Exposure."
2015,"An RNA editing fingerprint of cancer stem cell reprogramming."
2015,"Inflammation and congenital heart disease associated pulmonary hypertension."
2015,"Change of practice patterns in urology with the introduction of the Da Vinci surgical system: the Greek NHS experience in debt crisis era."
2015,"Resilience in a reborn nation: Validation of the Lithuanian Resilience Scale for Adults (RSA)."
2015,"A reminder on millisecond timing accuracy and potential replication failure in computer-based psychology experiments: An open letter."
2015,"Development of the Emergency Medical Services Role Identity Scale (EMS-RIS)."
2015,"Screening for psychological difficulties in young children in crisis: complementary cross-cultural validation."
2015,"Objective structured assessment of nontechnical skills: Reliability of a global rating scale for the in-training assessment in the operating room."
2015,"The changing face of hemostasis testing in modern laboratories: consolidation, automation, and beyond."
2015,"Simulation as a high stakes assessment tool in emergency medicine."
2015,"A purely confirmatory replication study of structural brain-behavior correlations."
2015,"Murine gammaherpesvirus (MHV-68) transforms cultured cells in vitro."
2015,"Human papillomavirus carcinogenesis: an identity crisis in the retinoblastoma tumor suppressor pathway."
2015,"Performance of rapid influenza diagnostic tests (QuickVue) for influenza A and B Infection in India."
2015,"Vertebroplasty Performance on Simulator for 19 Surgeons Using Hierarchical Task Analysis."
2015,"Sensory gating deficits in the attenuated psychosis syndrome."
2015,"Reproducibility in science: improving the standard for basic and preclinical research."
2014,"Fifteen years after treatment: a follow-up study of comprehensive vocationally-oriented psychotherapy."
2014,"Interrater reliability of the Silverman et al. nomenclature for suicide-related ideations, behaviors, and communications."
2014,"[Validity of the suicidality assessment instrument PRISM-S (Pictoral Representation of Illness Self Measure - Suicidality)]."
2014,"Interobserver variance in myelodysplastic syndromes with less than 5 % bone marrow blasts: unilineage vs. multilineage dysplasia and reproducibility of the threshold of 2 % blasts."
2014,"When more data steer us wrong: replications with the wrong dependent measure perpetuate erroneous conclusions."
2014,"Metascience could rescue the 'replication crisis'."
2014,"New forms of checks and balances are needed to improve research integrity."
2014,"Measuring symptoms and diagnosing mental disorders in the elderly community: the test-retest reliability of the CIDI65."
2014,"Human parvovirus B19: a review."
2014,"Potential new therapeutic modality revealed through agent-based modeling of the neuromuscular junction and acetylcholinesterase inhibition."
2014,"3ß-hydroxysteroid dehydrogenase type II deficiency on newborn screening test."
2014,"Validity and reliability assessment of detailed scoring checklists for use during perioperative emergency simulation training."
2014,"[Interpersonal psychotherapy: a model of intervention for borderline personality disorder]."
2014,"Cross Racial Identity Scale (CRIS) scores and profiles in African American adolescents involved with the juvenile justice system."
2014,"Immortalization of T-cells is accompanied by gradual changes in CpG methylation resulting in a profile resembling a subset of T-cell leukemias."
2014,"[Four measures of treatment compliance among patients recovering from psychotic episodes--a comparative study]."
2014,"Initial development of the Coach Identity Prominence Scale: a role identity model perspective."
2014,"Peer training of community health workers to improve heart health among African American women."
2014,"Serial assessment of laser Doppler flow during acute pain crises in sickle cell disease."
2014,"Psychometric properties of the Stress and Crisis Inventory (SCI-93) in females with fibromyalgia and chronic widespread pain."
2014,"Discrimination between authentic and adulterated liquors by near-infrared spectroscopy and ensemble classification."
2014,"Continuously Cumulating Meta-Analysis and Replicability."
2014,"Expectations for Replications: Are Yours Realistic?"
2014,"A two-site pilot randomized 3 day trial of high dose left prefrontal repetitive transcranial magnetic stimulation (rTMS) for suicidal inpatients."
2014,"Multicriteria decision analysis methods with 1000Minds for developing systemic sclerosis classification criteria."
2014,"Epileptogenic lesion quantification in MRI using contralateral 3D texture comparisons."
2014,"Neonatal case of classic maple syrup urine disease: usefulness of (1) H-MRS in early diagnosis."
2014,"Inventory of complicated spiritual grief: development and validation of a new measure."
2014,"Validity of the clinical and content scales of the Multiphasic Personality Inventory Minnesota 2 for the diagnosis of psychogenic non-epileptic seizures."
2014,"Short-term effects of the 2008 Great Recession on the health of the Italian population: an ecological study."
2014,"Development of a microarray for two rice subspecies: characterization and validation of gene expression in rice tissues."
2014,"The Alleged Crisis and the Illusion of Exact Replication."
2013,"Hematopoietic stem cells are acutely sensitive to Acd shelterin gene inactivation."
2013,"[German translation of Suicidal Patient Observation Chart (SPOC) - an instrument for practice]."
2013,"Medium-chain acyl-CoA deficiency: outlines from newborn screening, in silico predictions, and molecular studies."
2013,"Exploring QSTR modeling and toxicophore mapping for identification of important molecular features contributing to the chemical toxicity in Escherichia coli."
2013,"Peer review and reproducibility. Crisis or time for course correction?"
2013,"Conjoint Community Resiliency Assessment Measure-28/10 items (CCRAM28 and CCRAM10): A self-report tool for assessing community resilience."
2013,"Extracellular hemin crisis triggers acute  chest syndrome in sickle mice."
2013,"The Brief Psychiatric Rating Scale (version 4.0) factorial structure and its sensitivity in the treatment of outpatients with unipolar depression."
2013,"The performance of an online osteoporosis detection system a sensitivity and specificity analysis."
2013,"An empirical study of the toxic capsule crisis in China: risk perceptions and behavioral responses."
2013,"The Managing Emergencies in Paediatric Anaesthesia global rating scale is a reliable tool for simulation-based assessment in pediatric anesthesia crisis management."
2013,"Within-team debriefing versus instructor-led debriefing for simulation-based education: a randomized controlled trial."
2013,"Gene-centric association study of acute chest syndrome and painful crisis in sickle cell disease patients."
2013,"Ectopic activation of germline and placental genes identifies aggressive metastasis-prone lung cancers."
2013,"ATM-dependent DNA damage-response pathway as a determinant in chronic myelogenous leukemia."
2013,"Comparing the accuracy of experimental estimates to guessing: a new perspective on replication and the ""Crisis of Confidence"" in psychology."
2013,"Comparison of automated differential blood cell counts from Abbott Sapphire, Siemens Advia 120, Beckman Coulter DxH 800, and Sysmex XE-2100 in normal and pathologic samples."
2013,"Measuring ward-based multidisciplinary healthcare team functioning: a validation study of the Team Functioning Assessment Tool (TFAT)."
2013,"Altered explicit recognition of facial disgust associated with predisposition to suicidal behavior but not depression."
2013,"[Assessing aggressive behaviour at the psychiatric emergency service with a checklist: a replication study]."
2012,"Suicidality assessment with PRISM-S - simple, fast, and visual: a brief nonverbal method to assess suicidality in adolescent and adult patients."
2012,"Separation of intra-S checkpoint protein contributions to DNA replication fork protection and genomic stability in normal human fibroblasts."
2012,"Assessment and improvement of radiation oncology trainee contouring ability utilizing consensus-based penalty metrics."
2012,"Chromothripsis: chromosomes in crisis."
2012,"Science or Art? How Aesthetic Standards Grease the Way Through the Publication Bottleneck but Undermine Science."
2012,"Is the Replicability Crisis Overblown? Three Arguments Examined."
2012,"An improved high performance liquid chromatography-fluorescence detection method for the analysis of major phenolic compounds in cigarette smoke and smokeless tobacco products."
2012,"The prevalence and correlates of receiving confirmatory HIV test results among newly diagnosed HIV-positive individuals at a community-based testing center."
2012,"Does an educational intervention improve the usefulness of the Health of the Nation Outcome Scales in an acute mental health setting?"
2012,"Telomere structure and telomerase in health and disease (review)."
2012,"Major depression in the era of economic crisis: a replication of a cross-sectional study across Greece."
2012,"Unanticipated difficult airway in obstetric patients: development of a new algorithm for formative assessment in high-fidelity simulation."
2012,"Involvement of WRN helicase in immortalization and tumorigenesis by the telomeric crisis pathway (Review)."
2012,"The Stigma of Suicide Scale. Psychometric properties and correlates of the stigma of suicide."
2012,"An integrated health sector response to violence against women in Malaysia: lessons for supporting scale up."
2012,"The HEADS-ED: a rapid mental health screening tool for pediatric patients in the emergency department."
2012,"Cell lineage analysis of acute leukemia relapse uncovers the role of replication-rate heterogeneity and microsatellite instability."
2012,"Sustainable engineered processes to mitigate the global arsenic crisis in drinking water: challenges and progress."
2012,"Quantitative analysis of intraoperative communication in open and laparoscopic surgery."
2012,"[Risk communication during health crises: results of a cross-sectional study to evaluate the effectiveness of adopted corporate communication strategies during the H1N1 influenza pandemic in Italy and on the training needs of health professionals]."
2012,"Classification Algorithm for the Determination of Suicide Attempt and Suicide (CAD-SAS). Development and psychometric properties."
2012,"Probiotics - do they have a role in the pig industry?"
2012,"Bedside vestibular examination in patients with unilateral definite Ménière's disease."
2012,"Systematic review of meaning in life assessment instruments."
2011,"A metabolic index of ischemic injury for perfusion-recovery of cadaveric rat livers."
2011,"Recurrent isochromosome 21 and multiple abnormalities in a patient suspected of having acute myeloid leukemia with eosinophilic differentiation -- a rare case from South India."
2011,"Cumulative stress and maternal prenatal corticotropin-releasing hormone in an urban U.S. cohort."
2011,"An algorithm to assess methodological quality of nutrition and mortality cross-sectional surveys: development and application to surveys conducted in Darfur, Sudan."
2011,"European Bone Marrow Working Group trial on reproducibility of World Health Organization criteria to discriminate essential thrombocythemia from prefibrotic primary myelofibrosis."
2011,"Validation of potential classification criteria for systemic sclerosis."
2011,"Development and initial reliability and validity of four self-report measures used in research on interactions between police officers and individuals with mental illnesses."
2011,"Epidemiologic evidence for a role of telomere dysfunction in cancer etiology."
2011,"A test of the validity of the IS PATH WARM warning signs for suicide."
2011,"Human parvovirus B19: general considerations and impact on patients with sickle-cell disease and thalassemia and on blood transfusions."
2011,"Random mtDNA mutations modulate proliferation capacity in mouse embryonic fibroblasts."
2011,"Inhibitor of cyclin-dependent kinase (CDK) interacting with cyclin A1 (INCA1) regulates proliferation and is repressed by oncogenic signaling."
2011,"Expression patterns of microRNAs associated with CML phases and their disease related targets."
2011,"MYC in chronic myeloid leukemia: induction of aberrant DNA synthesis and association with poor response to imatinib."
2011,"Telomerase: structure, functions, and activity regulation."
2011,"Validation of a self-efficacy instrument and its relationship to performance of crisis resource management skills."
2011,"Tracheobronchial foreign body aspiration in children: how reliable are clinical and radiological signs in the diagnosis?"
2010,"Counting suicides and making suicide count as a public health problem."
2010,"A simple and useful coma scale for patients with neurologic emergencies: the Emergency Coma Scale."
2010,"[Mechanisms of multi-organ failure in severe influenza]."
2010,"Spi-1/PU.1 oncogene accelerates DNA replication fork elongation and promotes genetic instability in the absence of DNA breakage."
2010,"Advances in human B19 erythrovirus biology."
2010,"Validity of proxy-based reports of impulsivity and aggression in Chinese research on suicidal behavior."
2010,"Critical elements of the crisis intervention team model of jail diversion: an expert survey."
2010,"Biologists tackle cells' identity crisis."
2010,"Diffusion tensor imaging detects areas of abnormal white matter microstructure in patients with partial ornithine transcarbamylase deficiency."
2010,"Evaluation of the reliability and validity of two clinician-judgment suicide risk assessment instruments."
2010,"Science in court: DNA's identity crisis."
2010,"A genome-wide screen identifies frequently methylated genes in haematological and epithelial cancers."
2010,"Cross-cultural validation of the Resilience Scale for Adults (RSA) in Iran."
2010,"Simultaneous quantification of the organophosphorus pesticides dimethoate and omethoate in porcine plasma and urine by LC-ESI-MS/MS and flow-injection-ESI-MS/MS."
2009,"Norwegian version of the Mini-International Neuropsychiatric Interview: feasibility, acceptability and test-retest reliability in an acute psychiatric ward."
